<?xml version='1.0' encoding='UTF-8'?>
<opb>
  <infoproj />
  <groundwork>
    <element id="batch" open="true">
      <name>LOT 01_VRD</name>
      <element id="chapter" open="true">
        <name>Terrassement</name>
        <element id="work">
          <name>Décapage de la terre végétale</name>
          <code>None</code>
          <description>
            <p>Ceci est une ligne très très longueeeeeeeeeeeeeeeeeeeeeeeeeeeeeeeeeeeeeeeeeeeeeeeeeeeeeeeeeeeeeeeeeeeeeeeeeeeeeeeeeeeeeeeeeeeeeeeeeeeee</p>
            <p>C'est un essai pour voir ce que ça fait.</p>
          </description>
          <localisation>Selon plans.</localisation>
          <index>BT01</index>
          <price>5.0</price>
          <quantity>
            <sub_measurement>10</sub_measurement>
            <sub_measurement>20</sub_measurement>
            <sub_measurement>-5</sub_measurement>
            <sub_measurement>+pi*2</sub_measurement>
          </quantity>
          <status>Base</status>
          <vat>20</vat>
          <unit>M3</unit>
        </element>
        <element id="work">
          <name>Terrassement</name>
          <code>None</code>
          <description />
          <localisation>Selon plans.</localisation>
          <index>BT01</index>
          <price>5.0</price>
          <quantity />
          <status>Base</status>
          <vat>20</vat>
          <unit>M2</unit>
        </element>
      </element>
    </element>
    <element id="work">
      <name>_Ouvrage_</name>
      <code />
      <description />
      <localisation />
      <index />
      <price>None</price>
      <quantity />
      <status />
      <vat />
      <unit />
    </element>
    <element id="work">
      <name>_Ouvrage_</name>
      <code />
      <description />
      <localisation />
      <index />
      <price>None</price>
      <quantity />
      <status />
      <vat />
      <unit />
    </element>
    <element id="work">
      <name>Essai</name>
      <code />
      <description />
      <localisation />
      <index />
      <price>20.0</price>
      <quantity>10.0</quantity>
      <status />
      <vat />
      <unit>M2</unit>
    </element>
    <element id="batch" open="false">
      <name>LOT 02_GROS OEUVRE</name>
    </element>
    <element id="batch" open="true">
      <name>LOT 03_CHARPENTE METAL</name>
      <element id="work">
        <name>Charpente principale</name>
        <code>None</code>
        <description />
        <localisation>Je ne sais pas...</localisation>
        <index>BT02</index>
        <price>20.0</price>
        <quantity>10.0$20.0$-50.0$+200.0$# Ceci est un commentaire$-30</quantity>
        <status>Option</status>
        <vat>10</vat>
        <unit>KG</unit>
      </element>
    </element>
    <element id="batch" open="true">
      <name>LOT 04_CHARPENTE BOIS</name>
      <element id="work">
        <name>Charpente principale</name>
        <code>None</code>
        <description />
        <localisation>Je ne sais pas...</localisation>
        <index>BT02</index>
        <price>1000.0</price>
        <quantity>10.0$20.0$-50.0$+200.0$# Ceci est un commentaire$-30</quantity>
        <status>Option</status>
        <vat>10</vat>
        <unit>M3</unit>
      </element>
    </element>
    <element id="batch" open="true">
      <name>LOT 05_COUVERTURE</name>
      <element id="chapter" open="true">
        <name>Sécurité</name>
        <element id="work">
          <name>Filet périphériques</name>
          <code />
          <description />
          <localisation />
          <index />
          <price>10.0</price>
          <quantity />
          <status />
          <vat />
          <unit />
        </element>
        <element id="chapter" open="false">
          <name>_Titre_</name>
        </element>
        <element id="chapter" open="false">
          <name>_Titre_</name>
        </element>
        <element id="work">
          <name>Décapage de la terre végétale</name>
          <code>None</code>
          <description />
          <localisation>Selon plans.</localisation>
          <index>BT01</index>
          <price>5.0</price>
          <quantity>10.0</quantity>
          <status>Base</status>
          <vat>20</vat>
          <unit>M3</unit>
        </element>
        <element id="work">
          <name>Terrassement</name>
          <code>None</code>
          <description />
          <localisation>Selon plans.</localisation>
          <index>BT01</index>
          <price>5.0</price>
          <quantity />
          <status>Base</status>
          <vat>20</vat>
          <unit>M2</unit>
        </element>
        <element id="work">
          <name>_Ouvrage_</name>
          <code />
          <description>
            <p>Bonjour,</p>
            <p>Voici la description de cet ouvrage.</p>
          </description>
          <localisation />
          <index>BT01</index>
          <price>None</price>
          <quantity />
          <status>base</status>
          <vat>20.0</vat>
          <unit />
        </element>
        <element id="work">
          <name>_Ouvrage_</name>
          <code />
          <description />
          <localisation />
          <index />
          <price>None</price>
          <quantity />
          <status>base</status>
          <vat />
          <unit />
        </element>
        <element id="work">
          <name>_Ouvrage_</name>
          <code />
          <description />
          <localisation />
          <index>BT01</index>
          <price>0.00</price>
          <quantity />
          <status>base</status>
          <vat>10.0</vat>
          <unit />
        </element>
      </element>
    </element>
  </groundwork>
</opb>
