<?xml version='1.0' encoding='UTF-8'?>
<opb>
  <infoproj />
  <groundwork>
    <element id="batch" open="true">
      <name>LOT 01 - TERRASSEMENT / RESEAUX</name>
    </element>
    <element id="batch" open="true">
      <name>LOT 02 - GROS OEUVRE</name>
      <element id="chapter" open="true">
        <name>Installation de chantier</name>
      </element>
      <element id="chapter" open="true">
        <name>Fondations</name>
        <element id="work">
          <name>Fouilles en rigole</name>
          <code />
          <description />
          <localisation />
          <index>BT01</index>
          <price>50.0</price>
          <quantity>
            <sub_measurement>
            </sub_measurement>
          </quantity>
          <status>Base</status>
          <vat>20</vat>
          <unit>M3</unit>
        </element>
        <element id="work">
          <name>Béton de propreté</name>
          <code />
          <description />
          <localisation />
          <index>BT01</index>
          <price>7.5</price>
          <quantity>
            <sub_measurement>
            </sub_measurement>
          </quantity>
          <status>Base</status>
          <vat>20</vat>
          <unit>M2</unit>
        </element>
        <element id="work">
          <name>Béton de fondation</name>
          <code />
          <description />
          <localisation />
          <index>BT01</index>
          <price>250.0</price>
          <quantity>
            <sub_measurement>
            </sub_measurement>
          </quantity>
          <status>Base</status>
          <vat>20</vat>
          <unit>M3</unit>
        </element>
      </element>
      <element id="chapter" open="true">
        <name>Infrastructure</name>
        <element id="work">
          <name>Poteaux en béton armé</name>
          <code />
          <description />
          <localisation />
          <index>BT01</index>
          <price>1000.0</price>
          <quantity>
            <sub_measurement>
            </sub_measurement>
          </quantity>
          <status>Base</status>
          <vat>20</vat>
          <unit>M3</unit>
        </element>
        <element id="work">
          <name>Libage en agglos pleins</name>
          <code />
          <description />
          <localisation />
          <index>BT01</index>
          <price>45.0</price>
          <quantity>
            <sub_measurement>
            </sub_measurement>
          </quantity>
          <status>Base</status>
          <vat>20</vat>
          <unit>M2</unit>
        </element>
        <element id="work">
          <name>Raidisseurs verticaux</name>
          <code>None</code>
          <description />
          <localisation />
          <index>BT01</index>
          <price>10.0</price>
          <quantity>
            <sub_measurement>7*0.4</sub_measurement>
            <sub_measurement>5*0.6</sub_measurement>
          </quantity>
          <status>None</status>
          <vat>None</vat>
          <unit>ML</unit>
        </element>
        <element id="work">
          <name>Chaînages horizontaux</name>
          <code />
          <description />
          <localisation />
          <index />
          <price>20.0</price>
          <quantity />
          <status />
          <vat />
          <unit>ML</unit>
        </element>
        <element id="work">
          <name>Enduit ciment</name>
          <code />
          <description />
          <localisation />
          <index />
          <price>0.0</price>
          <quantity />
          <status />
          <vat />
          <unit>M2</unit>
        </element>
        <element id="work">
          <name>Peinture bitumineuse</name>
          <code />
          <description />
          <localisation />
          <index />
          <price>0.0</price>
          <quantity />
          <status />
          <vat />
          <unit>M2</unit>
        </element>
        <element id="work">
          <name>Arase étanche</name>
          <code />
          <description />
          <localisation />
          <index />
          <price>0.0</price>
          <quantity />
          <status />
          <vat />
          <unit>ML</unit>
        </element>
        <element id="work">
          <name>Plancher semi-préfabriqué sur vide sanitaire</name>
          <code />
          <description />
          <localisation />
          <index>BT01</index>
          <price>75.0</price>
          <quantity>
            <sub_measurement>
            </sub_measurement>
          </quantity>
          <status>Base</status>
          <vat>20</vat>
          <unit>M2</unit>
        </element>
        <element id="work">
          <name>Ventilation du vide sanitaire</name>
          <code />
          <description />
          <localisation />
          <index />
          <price>0.0</price>
          <quantity />
          <status />
          <vat />
          <unit>ENS</unit>
        </element>
      </element>
      <element id="chapter" open="true">
        <name>Réseaux</name>
        <element id="work">
          <name>Réseau EU</name>
          <code />
          <description />
          <localisation />
          <index />
          <price>0.0</price>
          <quantity />
          <status />
          <vat />
          <unit>ML</unit>
        </element>
        <element id="work">
          <name>Fourreau CFO</name>
          <code />
          <description />
          <localisation />
          <index />
          <price>0.0</price>
          <quantity />
          <status />
          <vat />
          <unit>ML</unit>
        </element>
        <element id="work">
          <name>Fourreau CFA</name>
          <code />
          <description />
          <localisation />
          <index />
          <price>0.0</price>
          <quantity />
          <status />
          <vat />
          <unit>ML</unit>
        </element>
      </element>
      <element id="chapter" open="true">
        <name>Dallage sur terre plein</name>
        <element id="work">
          <name>Plate forme dallage</name>
          <code />
          <description />
          <localisation />
          <index />
          <price>0.0</price>
          <quantity>
            <sub_measurement>
            </sub_measurement>
          </quantity>
          <status />
          <vat />
          <unit>M2</unit>
        </element>
        <element id="work">
          <name>Dallage en béton armé</name>
          <code />
          <description />
          <localisation />
          <index />
          <price>0.0</price>
          <quantity>
            <sub_measurement>
            </sub_measurement>
          </quantity>
          <status />
          <vat />
          <unit>M2</unit>
        </element>
      </element>
      <element id="chapter" open="true">
        <name>Elévations</name>
        <element id="work">
          <name>Poteaux en béton armé</name>
          <code />
          <description />
          <localisation />
          <index />
          <price>0.0</price>
          <quantity />
          <status />
          <vat />
          <unit>M3</unit>
        </element>
        <element id="work">
          <name>Poutre en béton armé</name>
          <code />
          <description />
          <localisation />
          <index />
          <price>0.0</price>
          <quantity />
          <status />
          <vat />
          <unit>M3</unit>
        </element>
        <element id="work">
          <name>Maçonnerie en béton cellulaire</name>
          <code />
          <description />
          <localisation />
          <index>BT01</index>
          <price>75.0</price>
          <quantity>
            <sub_measurement>
            </sub_measurement>
          </quantity>
          <status>Base</status>
          <vat>20</vat>
          <unit>M2</unit>
        </element>
        <element id="work">
          <name>Maçonnerie en agglos creux</name>
          <code>None</code>
          <description />
          <localisation />
          <index>BT01</index>
          <price>45.0</price>
          <quantity>
            <sub_measurement>
            </sub_measurement>
          </quantity>
          <status>Base</status>
          <vat>20</vat>
          <unit>M2</unit>
        </element>
        <element id="work">
          <name>Raidisseurs verticaux</name>
          <code />
          <description />
          <localisation />
          <index />
          <price>0.0</price>
          <quantity />
          <status />
          <vat />
          <unit>ML</unit>
        </element>
        <element id="work">
          <name>Chaînages horizontaux</name>
          <code />
          <description />
          <localisation />
          <index />
          <price>0.0</price>
          <quantity />
          <status />
          <vat />
          <unit>ML</unit>
        </element>
        <element id="work">
          <name>Linteaux</name>
          <code />
          <description />
          <localisation />
          <index />
          <price>0.0</price>
          <quantity />
          <status />
          <vat />
          <unit>ML</unit>
        </element>
        <element id="work">
          <name>Pose des coffres 1/2 linteau</name>
          <code />
          <description />
          <localisation />
          <index />
          <price>0.0</price>
          <quantity />
          <status />
          <vat />
          <unit>U</unit>
        </element>
        <element id="work">
          <name>Plots en béton armé</name>
          <code />
          <description />
          <localisation />
          <index />
          <price>0.0</price>
          <quantity />
          <status />
          <vat />
          <unit>U</unit>
        </element>
        <element id="work">
          <name>Rampannage</name>
          <code />
          <description />
          <localisation />
          <index />
          <price>0.0</price>
          <quantity />
          <status />
          <vat />
          <unit>ML</unit>
        </element>
      </element>
      <element id="chapter" open="true">
        <name>Planchers</name>
        <element id="work">
          <name>Plancher semi-préfabriqué</name>
          <code />
          <description />
          <localisation />
          <index>BT01</index>
          <price>75.0</price>
          <quantity>
            <sub_measurement>
            </sub_measurement>
          </quantity>
          <status>Base</status>
          <vat>20</vat>
          <unit>M2</unit>
        </element>
      </element>
      <element id="chapter" open="true">
        <name>Travaux particuliers</name>
        <element id="work">
          <name>Appuis</name>
          <code />
          <description />
          <localisation />
          <index>BT01</index>
          <price>0.0</price>
          <quantity />
          <status>Base</status>
          <vat>20</vat>
          <unit>ML</unit>
        </element>
        <element id="work">
          <name>Seuils</name>
          <code />
          <description />
          <localisation />
          <index />
          <price>0.0</price>
          <quantity />
          <status />
          <vat />
          <unit>ML</unit>
        </element>
        <element id="work">
          <name>Bandes de dressement</name>
          <code />
          <description />
          <localisation />
          <index />
          <price>0.0</price>
          <quantity />
          <status />
          <vat />
          <unit>ML</unit>
        </element>
      </element>
    </element>
    <element id="batch" open="true">
      <name>LOT 03 - RAVALEMENT</name>
    </element>
    <element id="batch" open="false">
      <name>LOT 04 - CHARPENTE BOIS</name>
      <element id="chapter" open="true">
        <name>Charpente assemblée</name>
        <element id="work">
          <name>Ferme traditionnelle</name>
          <code />
          <description />
          <localisation />
          <index />
          <price>0.0</price>
          <quantity />
          <status />
          <vat />
          <unit>M3</unit>
        </element>
      </element>
      <element id="chapter" open="true">
        <name>Charpente non assemblée</name>
        <element id="work">
          <name>Arbalétrier</name>
          <code />
          <description />
          <localisation />
          <index />
          <price>0.0</price>
          <quantity />
          <status />
          <vat />
          <unit>M3</unit>
        </element>
        <element id="work">
          <name>Pannes</name>
          <code />
          <description />
          <localisation />
          <index />
          <price>0.0</price>
          <quantity />
          <status />
          <vat />
          <unit>M3</unit>
        </element>
        <element id="work">
          <name>Chevrons</name>
          <code />
          <description />
          <localisation />
          <index />
          <price>0.0</price>
          <quantity />
          <status />
          <vat />
          <unit>M3</unit>
        </element>
      </element>
    </element>
    <element id="batch" open="false">
      <name>LOT 05 - COUVERTURE / ZINGUERIE / FUMISTERIE</name>
      <element id="chapter" open="true">
        <name>Couverture ardoise</name>
        <element id="work">
          <name>Pare-pluie</name>
          <code />
          <description />
          <localisation />
          <index />
          <price>0.0</price>
          <quantity />
          <status />
          <vat />
          <unit>M2</unit>
        </element>
        <element id="work">
          <name>Liteaux</name>
          <code />
          <description />
          <localisation />
          <index />
          <price>0.0</price>
          <quantity />
          <status />
          <vat />
          <unit>M2</unit>
        </element>
        <element id="work">
          <name>Couverture en ardoise naturelle d'espagne</name>
          <code />
          <description />
          <localisation />
          <index />
          <price>0.0</price>
          <quantity />
          <status />
          <vat />
          <unit>M2</unit>
        </element>
        <element id="work">
          <name>Bande d'égout</name>
          <code />
          <description />
          <localisation />
          <index />
          <price>0.0</price>
          <quantity />
          <status />
          <vat />
          <unit>ML</unit>
        </element>
        <element id="work">
          <name>Faîtage</name>
          <code />
          <description />
          <localisation />
          <index />
          <price>0.0</price>
          <quantity />
          <status />
          <vat />
          <unit>ML</unit>
        </element>
        <element id="work">
          <name>Rives</name>
          <code />
          <description />
          <localisation />
          <index />
          <price>0.0</price>
          <quantity />
          <status />
          <vat />
          <unit>ML</unit>
        </element>
        <element id="work">
          <name>Rives en relevé</name>
          <code />
          <description />
          <localisation />
          <index />
          <price>0.0</price>
          <quantity />
          <status />
          <vat />
          <unit>ML</unit>
        </element>
      </element>
      <element id="chapter" open="true">
        <name>Couverture zinc</name>
        <element id="work">
          <name>Volige</name>
          <code />
          <description />
          <localisation />
          <index />
          <price>0.0</price>
          <quantity />
          <status />
          <vat />
          <unit>M2</unit>
        </element>
        <element id="work">
          <name>Couverture zinc à joint debout</name>
          <code />
          <description />
          <localisation />
          <index />
          <price>0.0</price>
          <quantity />
          <status />
          <vat />
          <unit>M2</unit>
        </element>
        <element id="work">
          <name>Bande d'égout</name>
          <code />
          <description />
          <localisation />
          <index />
          <price>0.0</price>
          <quantity />
          <status />
          <vat />
          <unit>ML</unit>
        </element>
        <element id="work">
          <name>Faîtage</name>
          <code />
          <description />
          <localisation />
          <index />
          <price>0.0</price>
          <quantity />
          <status />
          <vat />
          <unit>ML</unit>
        </element>
        <element id="work">
          <name>Rives</name>
          <code />
          <description />
          <localisation />
          <index />
          <price>0.0</price>
          <quantity />
          <status />
          <vat />
          <unit>ML</unit>
        </element>
      </element>
      <element id="chapter" open="true">
        <name>Bardage zinc</name>
        <element id="work">
          <name>Volige</name>
          <code />
          <description />
          <localisation />
          <index />
          <price>0.0</price>
          <quantity />
          <status />
          <vat />
          <unit>M2</unit>
        </element>
        <element id="work">
          <name>Bardage zinc à joint debout</name>
          <code />
          <description />
          <localisation />
          <index />
          <price>0.0</price>
          <quantity />
          <status />
          <vat />
          <unit>M2</unit>
        </element>
        <element id="work">
          <name>Bavette</name>
          <code />
          <description />
          <localisation />
          <index />
          <price>0.0</price>
          <quantity />
          <status />
          <vat />
          <unit>ML</unit>
        </element>
      </element>
      <element id="chapter" open="true">
        <name>Ventilation sous-couverture</name>
        <element id="work">
          <name>Châtières de ventilation</name>
          <code />
          <description />
          <localisation />
          <index />
          <price>0.0</price>
          <quantity />
          <status />
          <vat />
          <unit>U</unit>
        </element>
      </element>
      <element id="chapter" open="true">
        <name>Sorties de toiture</name>
        <element id="work">
          <name>Sortie de toit pour VP</name>
          <code />
          <description />
          <localisation />
          <index />
          <price>0.0</price>
          <quantity />
          <status />
          <vat />
          <unit>U</unit>
        </element>
        <element id="work">
          <name>Sortie de toit pour VMC</name>
          <code />
          <description />
          <localisation />
          <index />
          <price>0.0</price>
          <quantity />
          <status />
          <vat />
          <unit>U</unit>
        </element>
      </element>
      <element id="chapter" open="true">
        <name>Evacuation des eaux pluviales</name>
        <element id="work">
          <name>Chéneau en zinc</name>
          <code />
          <description />
          <localisation />
          <index />
          <price>0.0</price>
          <quantity />
          <status />
          <vat />
          <unit>ML</unit>
        </element>
        <element id="work">
          <name>Gouttière 1/2 ronde en zinc</name>
          <code />
          <description />
          <localisation />
          <index />
          <price>0.0</price>
          <quantity />
          <status />
          <vat />
          <unit>ML</unit>
        </element>
        <element id="work">
          <name>Boite à eau en zinc</name>
          <code />
          <description />
          <localisation />
          <index />
          <price>0.0</price>
          <quantity />
          <status />
          <vat />
          <unit>U</unit>
        </element>
        <element id="work">
          <name>Descente en zinc</name>
          <code />
          <description />
          <localisation />
          <index />
          <price>0.0</price>
          <quantity />
          <status />
          <vat />
          <unit>ML</unit>
        </element>
      </element>
      <element id="chapter" open="true">
        <name>Travaux de zinguerie</name>
        <element id="work">
          <name>Coiffe d'acrotère en zinc</name>
          <code />
          <description />
          <localisation />
          <index />
          <price>0.0</price>
          <quantity />
          <status />
          <vat />
          <unit>ML</unit>
        </element>
      </element>
      <element id="chapter" open="true">
        <name>Fumisterie</name>
        <element id="work">
          <name>Conduit de fumée</name>
          <code />
          <description />
          <localisation />
          <index />
          <price>0.0</price>
          <quantity />
          <status />
          <vat />
          <unit>ML</unit>
        </element>
        <element id="work">
          <name>Embase pour raccordement à la couverture</name>
          <code />
          <description />
          <localisation />
          <index />
          <price>0.0</price>
          <quantity />
          <status />
          <vat />
          <unit>ENS</unit>
        </element>
      </element>
    </element>
    <element id="batch" open="false">
      <name>LOT 06 - ETANCHEITE</name>
      <element id="chapter" open="true">
        <name>Etanchéité végétalisée sur bac acier</name>
        <element id="work">
          <name>Bac acier</name>
          <code />
          <description />
          <localisation />
          <index />
          <price>0.0</price>
          <quantity />
          <status />
          <vat />
          <unit>M2</unit>
        </element>
        <element id="work">
          <name>Isolant en mousse de polyuréthane</name>
          <code />
          <description />
          <localisation />
          <index />
          <price>0.0</price>
          <quantity />
          <status />
          <vat />
          <unit>M2</unit>
        </element>
        <element id="work">
          <name>Etanchéité bicouche elastomère</name>
          <code />
          <description />
          <localisation />
          <index />
          <price>0.0</price>
          <quantity />
          <status />
          <vat />
          <unit>M2</unit>
        </element>
        <element id="work">
          <name>Costière en acier galvanisé</name>
          <code />
          <description />
          <localisation />
          <index />
          <price>0.0</price>
          <quantity />
          <status />
          <vat />
          <unit>ML</unit>
        </element>
        <element id="work">
          <name>Relevé d'étanchéité</name>
          <code />
          <description />
          <localisation />
          <index />
          <price>0.0</price>
          <quantity />
          <status />
          <vat />
          <unit>ML</unit>
        </element>
        <element id="work">
          <name>Végétalisation</name>
          <code />
          <description />
          <localisation />
          <index />
          <price>0.0</price>
          <quantity />
          <status />
          <vat />
          <unit>M2</unit>
        </element>
      </element>
      <element id="chapter" open="true">
        <name>Etanchéité sur bac acier</name>
        <element id="work">
          <name>Bac acier</name>
          <code />
          <description />
          <localisation />
          <index />
          <price>0.0</price>
          <quantity />
          <status />
          <vat />
          <unit>M2</unit>
        </element>
        <element id="work">
          <name>Isolant en laine de roche</name>
          <code />
          <description />
          <localisation />
          <index />
          <price>0.0</price>
          <quantity />
          <status />
          <vat />
          <unit>M2</unit>
        </element>
        <element id="work">
          <name>Etanchéité bicouche elastomère</name>
          <code />
          <description />
          <localisation />
          <index />
          <price>0.0</price>
          <quantity />
          <status />
          <vat />
          <unit>M2</unit>
        </element>
        <element id="work">
          <name>Costière en acier galvanisé</name>
          <code />
          <description />
          <localisation />
          <index />
          <price>0.0</price>
          <quantity />
          <status />
          <vat />
          <unit>ML</unit>
        </element>
        <element id="work">
          <name>Relevé d'étanchéité</name>
          <code />
          <description />
          <localisation />
          <index />
          <price>0.0</price>
          <quantity />
          <status />
          <vat />
          <unit>ML</unit>
        </element>
      </element>
      <element id="chapter" open="true">
        <name>Evacuation des eaux pluviales</name>
        <element id="work">
          <name>Entrées d'eau pluviales</name>
          <code />
          <description />
          <localisation />
          <index />
          <price>0.0</price>
          <quantity />
          <status />
          <vat />
          <unit>U</unit>
        </element>
        <element id="work">
          <name>Déversoirs</name>
          <code />
          <description />
          <localisation />
          <index />
          <price>0.0</price>
          <quantity />
          <status />
          <vat />
          <unit>U</unit>
        </element>
        <element id="work">
          <name>Trop plein</name>
          <code />
          <description />
          <localisation />
          <index />
          <price>0.0</price>
          <quantity />
          <status />
          <vat />
          <unit>U</unit>
        </element>
        <element id="work">
          <name>Descente EP en PVC</name>
          <code />
          <description />
          <localisation />
          <index />
          <price>0.0</price>
          <quantity />
          <status />
          <vat />
          <unit>ML</unit>
        </element>
      </element>
    </element>
    <element id="batch" open="true">
      <name>LOT 07 - BARDAGE BOIS</name>
    </element>
    <element id="batch" open="false">
      <name>LOT 08 - MENUISERIES EXTERIEURES / FERMETURES</name>
      <element id="chapter" open="true">
        <name>Châssis et baies en aluminium</name>
        <element id="work">
          <name>Fenêtre d'angle (2x1.70)x0.95ht</name>
          <code />
          <description />
          <localisation />
          <index />
          <price>0.0</price>
          <quantity>
            <sub_measurement>
            </sub_measurement>
          </quantity>
          <status />
          <vat />
          <unit>U</unit>
        </element>
        <element id="work">
          <name>Baie vitrée 3.00x2.15ht</name>
          <code />
          <description />
          <localisation />
          <index />
          <price>0.0</price>
          <quantity>
            <sub_measurement>
            </sub_measurement>
          </quantity>
          <status />
          <vat />
          <unit>U</unit>
        </element>
        <element id="work">
          <name>Porte fenêtre 1.00x2.15ht</name>
          <code />
          <description />
          <localisation />
          <index />
          <price>0.0</price>
          <quantity>
            <sub_measurement>
            </sub_measurement>
          </quantity>
          <status />
          <vat />
          <unit>U</unit>
        </element>
        <element id="work">
          <name>Porte fenêtre 0.90x2.15ht</name>
          <code />
          <description />
          <localisation />
          <index />
          <price>0.0</price>
          <quantity>
            <sub_measurement>
            </sub_measurement>
          </quantity>
          <status />
          <vat />
          <unit>U</unit>
        </element>
        <element id="work">
          <name>Fenêtre 0.70x1.45ht</name>
          <code />
          <description />
          <localisation />
          <index />
          <price>0.0</price>
          <quantity>
            <sub_measurement>
            </sub_measurement>
          </quantity>
          <status />
          <vat />
          <unit>U</unit>
        </element>
        <element id="work">
          <name>Fenêtre 0.50x0.75ht</name>
          <code />
          <description />
          <localisation />
          <index />
          <price>0.0</price>
          <quantity>
            <sub_measurement>
            </sub_measurement>
          </quantity>
          <status />
          <vat />
          <unit>U</unit>
        </element>
        <element id="work">
          <name>Fenêtre 0.70x0.95ht</name>
          <code />
          <description />
          <localisation />
          <index />
          <price>0.0</price>
          <quantity>
            <sub_measurement>
            </sub_measurement>
          </quantity>
          <status />
          <vat />
          <unit>U</unit>
        </element>
        <element id="work">
          <name>Fenêtre 1.00x1.55ht</name>
          <code />
          <description />
          <localisation />
          <index />
          <price>0.0</price>
          <quantity>
            <sub_measurement>
            </sub_measurement>
          </quantity>
          <status />
          <vat />
          <unit>U</unit>
        </element>
        <element id="work">
          <name>Fenêtre 0.80x1.15ht</name>
          <code />
          <description />
          <localisation />
          <index />
          <price>0.0</price>
          <quantity>
            <sub_measurement>
            </sub_measurement>
          </quantity>
          <status />
          <vat />
          <unit>U</unit>
        </element>
        <element id="work">
          <name>Ensemble vitré 2.20x1.55ht</name>
          <code />
          <description />
          <localisation />
          <index />
          <price>0.0</price>
          <quantity>
            <sub_measurement>
            </sub_measurement>
          </quantity>
          <status />
          <vat />
          <unit>U</unit>
        </element>
        <element id="work">
          <name>Fenêtre 0.80x0.75ht</name>
          <code />
          <description />
          <localisation />
          <index />
          <price>0.0</price>
          <quantity>
            <sub_measurement>
            </sub_measurement>
          </quantity>
          <status />
          <vat />
          <unit>U</unit>
        </element>
      </element>
      <element id="chapter" open="true">
        <name>Portes</name>
        <element id="work">
          <name>Porte d'entrée</name>
          <code />
          <description />
          <localisation />
          <index />
          <price>0.0</price>
          <quantity>
            <sub_measurement>
            </sub_measurement>
          </quantity>
          <status />
          <vat />
          <unit>U</unit>
        </element>
        <element id="work">
          <name>Porte de service</name>
          <code />
          <description />
          <localisation />
          <index />
          <price>0.0</price>
          <quantity>
            <sub_measurement>
            </sub_measurement>
          </quantity>
          <status />
          <vat />
          <unit>U</unit>
        </element>
      </element>
      <element id="chapter" open="true">
        <name>Volets roulants</name>
        <element id="work">
          <name>VR pour fenêtre d'angle (2x1.70)x0.95ht</name>
          <code />
          <description />
          <localisation />
          <index />
          <price>0.0</price>
          <quantity>
            <sub_measurement>
            </sub_measurement>
          </quantity>
          <status />
          <vat />
          <unit>U</unit>
        </element>
        <element id="work">
          <name>VR pour baie vitrée 3.00x2.15ht</name>
          <code />
          <description />
          <localisation />
          <index />
          <price>0.0</price>
          <quantity>
            <sub_measurement>
            </sub_measurement>
          </quantity>
          <status />
          <vat />
          <unit>U</unit>
        </element>
        <element id="work">
          <name>VR pour porte fenêtre 1.00x2.15ht</name>
          <code />
          <description />
          <localisation />
          <index />
          <price>0.0</price>
          <quantity>
            <sub_measurement>
            </sub_measurement>
          </quantity>
          <status />
          <vat />
          <unit>U</unit>
        </element>
        <element id="work">
          <name>VR pour porte fenêtre 0.90x2.15ht</name>
          <code />
          <description />
          <localisation />
          <index />
          <price>0.0</price>
          <quantity>
            <sub_measurement>
            </sub_measurement>
          </quantity>
          <status />
          <vat />
          <unit>U</unit>
        </element>
        <element id="work">
          <name>VR pour fenêtre 1.00x1.55ht</name>
          <code />
          <description />
          <localisation />
          <index />
          <price>0.0</price>
          <quantity>
            <sub_measurement>
            </sub_measurement>
          </quantity>
          <status />
          <vat />
          <unit>U</unit>
        </element>
        <element id="work">
          <name>VR pour fenêtre 0.80x1.15ht</name>
          <code />
          <description />
          <localisation />
          <index />
          <price>0.0</price>
          <quantity>
            <sub_measurement>
            </sub_measurement>
          </quantity>
          <status />
          <vat />
          <unit>U</unit>
        </element>
        <element id="work">
          <name>VR pour ensemble vitré 2.20x1.55ht</name>
          <code />
          <description />
          <localisation />
          <index />
          <price>0.0</price>
          <quantity>
            <sub_measurement>
            </sub_measurement>
          </quantity>
          <status />
          <vat />
          <unit>U</unit>
        </element>
        <element id="work">
          <name>Coffres 1/2 linteau</name>
          <code />
          <description />
          <localisation />
          <index>BT01</index>
          <price>0.0</price>
          <quantity>
            <sub_measurement>
            </sub_measurement>
          </quantity>
          <status>Base</status>
          <vat>20</vat>
          <unit>ML</unit>
        </element>
        <element id="work">
          <name>Commande centralisée</name>
          <code />
          <description />
          <localisation />
          <index />
          <price>0.0</price>
          <quantity>
            <sub_measurement>
            </sub_measurement>
          </quantity>
          <status />
          <vat />
          <unit>ENS</unit>
        </element>
      </element>
      <element id="chapter" open="true">
        <name>Fermetures</name>
        <element id="work">
          <name>Porte de garage</name>
          <code />
          <description />
          <localisation />
          <index />
          <price>0.0</price>
          <quantity>
            <sub_measurement>
            </sub_measurement>
          </quantity>
          <status />
          <vat />
          <unit>U</unit>
        </element>
      </element>
    </element>
    <element id="batch" open="false">
      <name>LOT 09 - MENUISERIES INTERIEURES</name>
      <element id="chapter" open="false">
        <name>Portes et châssis</name>
        <element id="work">
          <name>Porte isolante 0.83x2.04ht</name>
          <code />
          <description />
          <localisation />
          <index />
          <price>0.0</price>
          <quantity />
          <status />
          <vat />
          <unit>U</unit>
        </element>
        <element id="work">
          <name>Porte pleine 0.83x2.04ht</name>
          <code />
          <description />
          <localisation />
          <index />
          <price>0.0</price>
          <quantity />
          <status />
          <vat />
          <unit>U</unit>
        </element>
        <element id="work">
          <name>Porte alvéolaire 0.83x2.04ht</name>
          <code />
          <description />
          <localisation />
          <index />
          <price>0.0</price>
          <quantity />
          <status />
          <vat />
          <unit>U</unit>
        </element>
        <element id="work">
          <name>Porte à galandage</name>
          <code />
          <description />
          <localisation />
          <index />
          <price>0.0</price>
          <quantity />
          <status />
          <vat />
          <unit>U</unit>
        </element>
        <element id="work">
          <name>Châssis vitré</name>
          <code />
          <description />
          <localisation />
          <index />
          <price>0.0</price>
          <quantity />
          <status />
          <vat />
          <unit>U</unit>
        </element>
      </element>
      <element id="chapter" open="true">
        <name>Equipements de porte</name>
        <element id="work">
          <name>Béquille double</name>
          <code />
          <description />
          <localisation />
          <index />
          <price>0.0</price>
          <quantity />
          <status />
          <vat />
          <unit>U</unit>
        </element>
        <element id="work">
          <name>Serrure simple</name>
          <code />
          <description />
          <localisation />
          <index />
          <price>0.0</price>
          <quantity />
          <status />
          <vat />
          <unit>U</unit>
        </element>
        <element id="work">
          <name>Serrure à condamnation</name>
          <code />
          <description />
          <localisation />
          <index />
          <price>0.0</price>
          <quantity />
          <status />
          <vat />
          <unit>U</unit>
        </element>
      </element>
      <element id="chapter" open="true">
        <name>Plinthes et cimaises</name>
        <element id="work">
          <name>PLinthes en médium</name>
          <code />
          <description />
          <localisation />
          <index />
          <price>0.0</price>
          <quantity />
          <status />
          <vat />
          <unit>ML</unit>
        </element>
      </element>
      <element id="chapter" open="true">
        <name>Escaliers et garde corps</name>
        <element id="work">
          <name>Escalier bois avec contremarche</name>
          <code />
          <description />
          <localisation />
          <index />
          <price>0.0</price>
          <quantity />
          <status />
          <vat />
          <unit>ENS</unit>
        </element>
        <element id="work">
          <name>Garde-corps</name>
          <code />
          <description />
          <localisation />
          <index />
          <price>0.0</price>
          <quantity />
          <status />
          <vat />
          <unit>ML</unit>
        </element>
      </element>
      <element id="chapter" open="true">
        <name>Trappes</name>
        <element id="work">
          <name>Trappe isolée</name>
          <code />
          <description />
          <localisation />
          <index />
          <price>0.0</price>
          <quantity />
          <status />
          <vat />
          <unit>U</unit>
        </element>
      </element>
    </element>
    <element id="batch" open="false">
      <name>LOT 10 - CLOISONS / ISOLATION</name>
      <element id="chapter" open="true">
        <name>Doublages</name>
        <element id="work">
          <name>Isolation en laine de verre</name>
          <code />
          <description />
          <localisation />
          <index />
          <price>0.0</price>
          <quantity />
          <status />
          <vat />
          <unit>M2</unit>
        </element>
        <element id="work">
          <name>Plaque de plâtre sur ossature métallique</name>
          <code />
          <description />
          <localisation />
          <index />
          <price>0.0</price>
          <quantity />
          <status />
          <vat />
          <unit>M2</unit>
        </element>
        <element id="work">
          <name>Plus-value pour plaque hydrofuge</name>
          <code />
          <description />
          <localisation />
          <index />
          <price>0.0</price>
          <quantity />
          <status />
          <vat />
          <unit>M2</unit>
        </element>
      </element>
      <element id="chapter" open="true">
        <name>Isolation des combles</name>
        <element id="work">
          <name>Contre-chevronnage</name>
          <code />
          <description />
          <localisation />
          <index />
          <price>0.0</price>
          <quantity />
          <status />
          <vat />
          <unit>M2</unit>
        </element>
        <element id="work">
          <name>Isolation en laine de verre</name>
          <code />
          <description />
          <localisation />
          <index />
          <price>0.0</price>
          <quantity />
          <status />
          <vat />
          <unit>M2</unit>
        </element>
        <element id="work">
          <name>Membrane d'étanchéité à l'air</name>
          <code />
          <description />
          <localisation />
          <index />
          <price>0.0</price>
          <quantity />
          <status />
          <vat />
          <unit>M2</unit>
        </element>
      </element>
      <element id="chapter" open="true">
        <name>Plafonds</name>
        <element id="work">
          <name>Plaque de plâtre sur ossature métallique</name>
          <code />
          <description />
          <localisation />
          <index />
          <price>0.0</price>
          <quantity />
          <status />
          <vat />
          <unit>M2</unit>
        </element>
        <element id="work">
          <name>Retombée de plafond</name>
          <code />
          <description />
          <localisation />
          <index />
          <price>0.0</price>
          <quantity />
          <status />
          <vat />
          <unit>ML</unit>
        </element>
      </element>
      <element id="chapter" open="true">
        <name>Cloisons</name>
        <element id="work">
          <name>Cloisons de distribution 98/48</name>
          <code />
          <description />
          <localisation />
          <index />
          <price>0.0</price>
          <quantity />
          <status />
          <vat />
          <unit>M2</unit>
        </element>
        <element id="work">
          <name>Cloisons de distribution 72/48</name>
          <code />
          <description />
          <localisation />
          <index />
          <price>0.0</price>
          <quantity />
          <status />
          <vat />
          <unit>M2</unit>
        </element>
        <element id="work">
          <name>Cloisons de distribution 96/70</name>
          <code />
          <description />
          <localisation />
          <index />
          <price>0.0</price>
          <quantity />
          <status />
          <vat />
          <unit>M2</unit>
        </element>
        <element id="work">
          <name>Plus-value pour plaque hydrofuge</name>
          <code />
          <description />
          <localisation />
          <index />
          <price>0.0</price>
          <quantity />
          <status />
          <vat />
          <unit>M2</unit>
        </element>
      </element>
      <element id="chapter" open="true">
        <name>Travaux particuliers</name>
        <element id="work">
          <name>Pose des châssis, huisseries et trappes</name>
          <code />
          <description />
          <localisation />
          <index />
          <price>0.0</price>
          <quantity />
          <status />
          <vat />
          <unit>U</unit>
        </element>
        <element id="work">
          <name>Traitement des angles saillants</name>
          <code />
          <description />
          <localisation />
          <index />
          <price>0.0</price>
          <quantity />
          <status />
          <vat />
          <unit>ML</unit>
        </element>
        <element id="work">
          <name>Habillage bâtis support</name>
          <code />
          <description />
          <localisation />
          <index />
          <price>0.0</price>
          <quantity />
          <status />
          <vat />
          <unit>ENS</unit>
        </element>
        <element id="work">
          <name>Renforts de cloison</name>
          <code />
          <description />
          <localisation />
          <index />
          <price>0.0</price>
          <quantity />
          <status />
          <vat />
          <unit>U</unit>
        </element>
      </element>
    </element>
    <element id="batch" open="true">
      <name>LOT 11 - REVÊTEMENTS DE SOL</name>
      <element id="chapter" open="true">
        <name>Travaux préparatoires</name>
        <element id="work">
          <name>Chape de ravoirage</name>
          <code />
          <description />
          <localisation />
          <index />
          <price>0.0</price>
          <quantity />
          <status />
          <vat />
          <unit>M2</unit>
        </element>
        <element id="work">
          <name>Isolation sous chape</name>
          <code />
          <description />
          <localisation />
          <index />
          <price>0.0</price>
          <quantity />
          <status />
          <vat />
          <unit>M2</unit>
        </element>
        <element id="work">
          <name>Chape traditionnelle</name>
          <code />
          <description />
          <localisation />
          <index />
          <price>0.0</price>
          <quantity />
          <status />
          <vat />
          <unit>M2</unit>
        </element>
        <element id="work">
          <name>Ragréage</name>
          <code />
          <description />
          <localisation />
          <index />
          <price>0.0</price>
          <quantity />
          <status />
          <vat />
          <unit>M2</unit>
        </element>
      </element>
      <element id="chapter" open="true">
        <name>Carrelage</name>
        <element id="work">
          <name>Carrelage 30x60</name>
          <code />
          <description />
          <localisation />
          <index />
          <price>0.0</price>
          <quantity />
          <status />
          <vat />
          <unit>M2</unit>
        </element>
        <element id="work">
          <name>Plinthes</name>
          <code />
          <description />
          <localisation />
          <index />
          <price>0.0</price>
          <quantity />
          <status />
          <vat />
          <unit>ML</unit>
        </element>
      </element>
      <element id="chapter" open="true">
        <name>Parquet</name>
        <element id="work">
          <name>Sous-couche acoustique</name>
          <code />
          <description />
          <localisation />
          <index />
          <price>0.0</price>
          <quantity />
          <status />
          <vat />
          <unit>M2</unit>
        </element>
        <element id="work">
          <name>Parquet stratifié</name>
          <code />
          <description />
          <localisation />
          <index />
          <price>0.0</price>
          <quantity />
          <status />
          <vat />
          <unit>M2</unit>
        </element>
        <element id="work">
          <name>Plinthes</name>
          <code />
          <description />
          <localisation />
          <index />
          <price>0.0</price>
          <quantity />
          <status />
          <vat />
          <unit>ML</unit>
        </element>
      </element>
      <element id="chapter" open="true">
        <name>Faïence</name>
        <element id="work">
          <name>Etanchéité sous faïence</name>
          <code />
          <description />
          <localisation />
          <index />
          <price>0.0</price>
          <quantity />
          <status />
          <vat />
          <unit>M2</unit>
        </element>
        <element id="work">
          <name>Faïence</name>
          <code />
          <description />
          <localisation />
          <index />
          <price>0.0</price>
          <quantity />
          <status />
          <vat />
          <unit>M2</unit>
        </element>
      </element>
      <element id="chapter" open="true">
        <name>Travaux particuliers</name>
        <element id="work">
          <name>Receveur de douche à carreler</name>
          <code />
          <description />
          <localisation />
          <index />
          <price>0.0</price>
          <quantity />
          <status />
          <vat />
          <unit>ENS</unit>
        </element>
        <element id="work">
          <name>Siphon de sol</name>
          <code />
          <description />
          <localisation />
          <index />
          <price>0.0</price>
          <quantity />
          <status />
          <vat />
          <unit>ENS</unit>
        </element>
      </element>
    </element>
    <element id="batch" open="true">
      <name>LOT 12 - PEINTURE / REVÊTEMENTS MURAUX</name>
      <element id="chapter" open="true">
        <name>Peinture</name>
        <element id="work">
          <name>Peinture mat sur support plaque de plâtre</name>
          <code />
          <description />
          <localisation />
          <index />
          <price>0.0</price>
          <quantity />
          <status />
          <vat />
          <unit />
        </element>
        <element id="work">
          <name>Peinture satinée sur support plaque de plâtre</name>
          <code />
          <description />
          <localisation />
          <index />
          <price>0.0</price>
          <quantity />
          <status />
          <vat />
          <unit />
        </element>
        <element id="work">
          <name>Peinture sur boiseries</name>
          <code />
          <description />
          <localisation />
          <index />
          <price>0.0</price>
          <quantity />
          <status />
          <vat />
          <unit />
        </element>
      </element>
      <element id="chapter" open="true">
        <name>Travaux particuliers</name>
        <element id="work">
          <name>Vernis sur escalier bois</name>
          <code />
          <description />
          <localisation />
          <index />
          <price>0.0</price>
          <quantity />
          <status />
          <vat />
          <unit />
        </element>
      </element>
    </element>
    <element id="batch" open="true">
      <name>LOT 13 - PLOMBERIE / SANITAIRES</name>
      <element id="chapter" open="true">
        <name>Origine de l'installation</name>
        <element id="work">
          <name>_Ouvrage_</name>
          <code />
          <description />
          <localisation />
          <index />
          <price>0.0</price>
          <quantity />
          <status />
          <vat />
          <unit />
        </element>
      </element>
    </element>
  </groundwork>
</opb>
